Designator,Mid X,Mid Y,Layer,Rotation
D1,3.1296mm,7.5296mm,Top,90
J1,24.9918mm,32.9687mm,Top,0
C15,2.6323mm,11.6745mm,Top,180
C14,2.6346mm,13.6285mm,Top,180
R2,6.8072mm,20.7010mm,Top,180
C10,13.5128mm,34.3916mm,Top,180
L2,12.6238mm,31.6738mm,Top,270
C4,9.7536mm,28.2448mm,Top,180
C5,12.4460mm,23.2410mm,Top,270
C7,18.9230mm,29.4132mm,Top,0
C1,20.9550mm,31.5976mm,Top,270
X1,19.1770mm,31.5976mm,Top,180
C8,16.5100mm,31.5976mm,Top,90
C9,9.4742mm,29.2862mm,Top,180
C2,17.3990mm,31.5976mm,Top,90
U1,14.4780mm,27.3304mm,Top,0
C3,18.1690mm,26.8304mm,Top,270
L1,19.5914mm,26.3224mm,Top,0
L3,11.8110mm,33.3756mm,Top,0
