Comment,Designator,Footprint,LCSC Part #
nRF52810-QCAA,U1,Nordic_QFN50P500X500X90-33N,C519278
12pF,"C1, C2",CAPC1005X04L (0402),C1547
0.8pF,C3,CAPC1005X04L (0402),C88902
100nF,"C4, C5, C8",CAPC1005X04L (0402),C1525
100pF,C7,CAPC1005X04L (0402),C1546
4.7uF,C9,CAPC1608X06L (0603),C19666
1uF,C10,CAPC1608X06L (0603),C15849
3.9nH,L1,INDC1005X04L (0402),C5452416
10uH,L2,INDC1608X06L (0603),C194437
15nH,L3,INDC1005X04L (0402),C27143
32MHz,X1,BT-XTAL_2016 (4-pad),C1986927
10k,R2,FP-CRGCQ0603-IPC_C (0603),C25804
47uF,"C14, C15",0805 (CAPC2012),C16780
B5819W,D1,SOD-123,C8598
U.FL,J1,Hirose U.FL-R-SMT-1 footprint,C88374
